Description,Amount
BLACK RECORD COVER FRAME,1627.2
CHILLI LIGHTS,773.04
WOODEN OWLS LIGHT GARLAND ,647.04
LIGHT GARLAND BUTTERFILES PINK,647.04
FAIRY TALE COTTAGE NIGHTLIGHT,638.1
RED TOADSTOOL LED NIGHT LIGHT,594.4499999999999
PAPER CHAIN KIT 50'S CHRISTMAS ,560.15
WHITE HANGING HEART T-LIGHT HOLDER,459.15
HAND WARMER SCOTTY DOG DESIGN,448.50000000000006
JUMBO BAG RED RETROSPOT,435.3
ASSORTED COLOUR BIRD ORNAMENT,365.03999999999996
VICTORIAN SEWING BOX LARGE,363.15
PAPER CHAIN KIT VINTAGE CHRISTMAS,350.25
HAND WARMER OWL DESIGN,347.70000000000005
HAND WARMER BIRD DESIGN,343.50000000000006
HAND WARMER UNION JACK,342.30000000000007
SET/5 RED RETROSPOT LID GLASS BOWLS,338.2
HAND WARMER RED RETROSPOT,324.6
REGENCY CAKESTAND 3 TIER,302.7
HOT WATER BOTTLE BABUSHKA ,283.2
HOT WATER BOTTLE TEA AND SYMPATHY,276.20000000000005
RETROSPOT HEART HOT WATER BOTTLE,275.25
CREAM HEART CARD HOLDER,259.88
SET OF 3 COLOURED  FLYING DUCKS,255.90000000000003
RED WOOLLY HOTTIE WHITE HEART.,235.56
JUMBO  BAG BAROQUE BLACK WHITE,225.45
HOMEMADE JAM SCENTED CANDLES,224.4
RED RETROSPOT OVEN GLOVE ,212.0
RED HANGING HEART T-LIGHT HOLDER,198.6
DELUXE SEWING KIT ,198.0
EDWARDIAN PARASOL RED,190.20000000000002
JAM MAKING SET PRINTED,187.04999999999998
KNITTED UNION FLAG HOT WATER BOTTLE,183.06
SMALL POPCORN HOLDER,181.64999999999998
WHITE WIRE EGG HOLDER,178.20000000000002
ROSE COTTAGE KEEPSAKE BOX ,177.45
ALARM CLOCK BAKELIKE RED ,168.75
RUSTIC  SEVENTEEN DRAWER SIDEBOARD,165.0
JAM MAKING SET WITH JARS,164.0
SCOTTIE DOG HOT WATER BOTTLE,163.35000000000002
BLACK HEART CARD HOLDER,153.64000000000001
LARGE POPCORN HOLDER ,153.35
JUMBO SHOPPER VINTAGE RED PAISLEY,152.1
SET 7 BABUSHKA NESTING BOXES,144.5
NAMASTE SWAGAT INCENSE,144.0
IVORY EMBROIDERED QUILT ,143.0
ALARM CLOCK BAKELIKE GREEN,138.75
FAMILY PHOTO FRAME CORNICE,129.35
GLASS STAR FROSTED T-LIGHT HOLDER,127.5
WOOD S/3 CABINET ANT WHITE FINISH,127.10000000000001
HEART OF WICKER SMALL,124.0
 SET 2 TEA TOWELS I LOVE LONDON ,123.90000000000002
HEART FILIGREE DOVE  SMALL,121.25
RED  HARMONICA IN BOX ,120.0
HEART OF WICKER LARGE,113.8
EDWARDIAN PARASOL BLACK,113.0
ENGLISH ROSE HOT WATER BOTTLE,111.25
CHRISTMAS LIGHTS 10 REINDEER,110.5
CREAM CUPID HEARTS COAT HANGER,110.0
CHRISTMAS GINGHAM HEART,108.77999999999999
WHITE METAL LANTERN,108.48
SET 3 WICKER OVAL BASKETS W LIDS,107.69999999999999
DOORMAT FANCY FONT HOME SWEET HOME,107.25
CHRISTMAS GINGHAM STAR,107.08
PACK OF 72 RETROSPOT CAKE CASES,105.95
SMALL GLASS HEART TRINKET POT,105.60000000000001
JUMBO STORAGE BAG SUKI,103.35
ROUND SNACK BOXES SET OF4 WOODLAND ,103.25000000000001
GROW YOUR OWN PLANT IN A CAN ,101.76
IVORY GIANT GARDEN THERMOMETER,101.15
"RECORD FRAME 7"" SINGLE SIZE ",100.80000000000001
CLOTHES PEGS RETROSPOT PACK 24 ,98.74
RETROSPOT TEA SET CERAMIC 11 PC ,97.75
AGED GLASS SILVER T-LIGHT HOLDER,94.8
WOODEN FRAME ANTIQUE WHITE ,94.19999999999999
HANGING HEART ZINC T-LIGHT HOLDER,93.86
SET OF 6 SOLDIER SKITTLES,93.75
TOY TIDY PINK POLKADOT,92.5
SET/20 RED RETROSPOT PAPER NAPKINS ,92.03999999999999
ALARM CLOCK BAKELIKE PINK,90.0
PINK HEART SHAPE EGG FRYING PAN,90.0
HOME BUILDING BLOCK WORD,89.25
LOVE BUILDING BLOCK WORD,89.25
PLASTERS IN TIN VINTAGE PAISLEY ,89.1
VINTAGE UNION JACK CUSHION COVER,89.1
ENAMEL BREAD BIN CREAM,87.6
RED RETROSPOT MINI CASES,87.45
POSTAGE,87.0
GREY HEART HOT WATER BOTTLE,86.25
EDWARDIAN PARASOL NATURAL,83.30000000000001
JUMBO BAG PINK POLKADOT,79.95
JUMBO BAG OWLS,79.95
BOX OF VINTAGE ALPHABET BLOCKS,79.6
RETROSPOT LAMP,79.6
METAL 4 HOOK HANGER FRENCH CHATEAU,76.7
ANTIQUE SILVER TEA GLASS ENGRAVED,76.32000000000001
PHOTO CUBE,75.99
SET OF 20 KIDS COOKIE CUTTERS,75.60000000000001
HAND OVER THE CHOCOLATE   SIGN ,75.60000000000001
COSMETIC BAG VINTAGE ROSE PAISLEY,75.60000000000001
ROTATING SILVER ANGELS T-LIGHT HLDR,73.94999999999999
RECYCLING BAG RETROSPOT ,73.5
SET/6 RED SPOTTY PAPER PLATES,71.64
SET OF 6 T-LIGHTS TOADSTOOLS,70.80000000000001
MINI PAINT SET VINTAGE ,70.2
CHOCOLATE HOT WATER BOTTLE,69.30000000000001
ROCKING HORSE RED CHRISTMAS ,69.12
RED 3 PIECE RETROSPOT CUTLERY SET,67.5
PLASTERS IN TIN WOODLAND ANIMALS,64.35
FELTCRAFT PRINCESS CHARLOTTE DOLL,63.75
WHITE SKULL HOT WATER BOTTLE ,63.75
ENAMEL FIRE BUCKET CREAM,62.550000000000004
SET/2 RED RETROSPOT TEA TOWELS ,61.95
PLASTERS IN TIN SKULLS,61.04999999999999
BABUSHKA LIGHTS STRING OF 10,60.75
JUMBO BAG STRAWBERRY,60.45
WOODEN BOX OF DOMINOES,60.0
CHARLIE & LOLA WASTEPAPER BIN FLORA,60.0
CERAMIC STRAWBERRY DESIGN MUG,60.0
CLASSICAL ROSE SMALL VASE,60.0
3 TIER CAKE TIN GREEN AND CREAM,59.8
TRIPLE PHOTO FRAME CORNICE ,59.699999999999996
RED KITCHEN SCALES,59.5
PLASTERS IN TIN STRONGMAN,59.4
JUMBO BAG PINK VINTAGE PAISLEY,58.5
JUMBO BAG WOODLAND ANIMALS,58.5
POLKADOT RAIN HAT ,56.16
RETROSPOT LARGE MILK JUG,55.95
SET OF 3 BLACK FLYING DUCKS,55.800000000000004
HAND WARMER RED POLKA DOT,55.50000000000001
WOOD 2 DRAWER CABINET WHITE FINISH,55.45
VINTAGE BILLBOARD DRINK ME MUG,55.44
CHICK GREY HOT WATER BOTTLE,55.2
PACK OF 60 PINK PAISLEY CAKE CASES,55.00000000000001
LUNCH BAG SUKI  DESIGN ,54.45
CHRISTMAS LIGHTS 10 VINTAGE BAUBLES,54.45
RED RETROSPOT UMBRELLA,53.550000000000004
PIGGY BANK RETROSPOT ,53.55
RED DINER WALL CLOCK,51.0
SET OF 2 WOODEN MARKET CRATES,51.0
IVORY DINER WALL CLOCK,51.0
IVORY KITCHEN SCALES,51.0
BLUE DINER WALL CLOCK,51.0
INFLATABLE POLITICAL GLOBE ,51.0
CHEST OF DRAWERS GINGHAM HEART ,50.849999999999994
WOODEN PICTURE FRAME WHITE FINISH,50.400000000000006
NO SINGING METAL SIGN,50.400000000000006
CARRIAGE,50.0
VINTAGE HEADS AND TAILS CARD GAME ,50.0
SPACEBOY LUNCH BOX ,48.75
ALARM CLOCK BAKELIKE IVORY,48.75
COSY HOUR GIANT TUBE MATCHES,48.449999999999996
5 HOOK HANGER MAGIC TOADSTOOL,47.849999999999994
LARGE HEART MEASURING SPOONS,47.849999999999994
DOORMAT RED RETROSPOT,47.7
TRADITIONAL WOODEN SKIPPING ROPE,47.5
CAKE STAND VICTORIAN FILIGREE MED,47.25
ANTIQUE GLASS DRESSING TABLE POT,47.2
BLUE NEW BAROQUE CANDLESTICK CANDLE,47.2
PACK 3 BOXES CHRISTMAS PANNETONE,46.8
LUNCH BOX I LOVE LONDON,46.8
CIRCUS PARADE LUNCH BOX ,46.8
HOT WATER BOTTLE I AM SO POORLY,46.5
JAM JAR WITH GREEN LID,46.46
PLASTERS IN TIN SPACEBOY,46.199999999999996
PINK ROSE FABRIC MIRROR,45.0
CLEAR DRAWER KNOB ACRYLIC EDWARDIAN,45.0
VINTAGE SEASIDE JIGSAW PUZZLES,45.0
BLACK LOVE BIRD CANDLE,45.0
DOG BOWL CHASING BALL DESIGN,45.0
JAM JAR WITH PINK LID,44.760000000000005
SILK PURSE BABUSHKA PINK,43.550000000000004
CHARLOTTE BAG SUKI DESIGN,42.5
FIRST AID TIN,42.25
BLACK/BLUE POLKADOT UMBRELLA,41.650000000000006
STAR PORTABLE TABLE LIGHT ,41.300000000000004
NATURAL SLATE HEART CHALKBOARD ,41.300000000000004
JUMBO BAG CHARLIE AND LOLA TOYS,41.3
60 TEATIME FAIRY CAKE CASES,41.25
TRAVEL SEWING KIT,41.25
JUMBO STORAGE BAG SKULLS,40.95
CUPCAKE LACE PAPER SET 6,40.949999999999996
10 COLOUR SPACEBOY PEN,40.8
POLKADOT PEN,40.8
KINGS CHOICE GIANT TUBE MATCHES,40.8
BISCUIT TIN VINTAGE RED,40.5
72 SWEETHEART FAIRY CAKE CASES,39.6
PLASTERS IN TIN CIRCUS PARADE ,39.599999999999994
CHOCOLATE CALCULATOR,39.599999999999994
HANGING METAL HEART LANTERN,39.599999999999994
PAINT YOUR OWN CANVAS SET,39.599999999999994
HEART IVORY TRELLIS LARGE,39.599999999999994
WOODEN SCHOOL COLOURING SET,39.599999999999994
JUMBO BAG TOYS ,39.0
JUMBO BAG SCANDINAVIAN PAISLEY,39.0
RETROSPOT CHILDRENS APRON,39.0
SCANDINAVIAN REDS RIBBONS,38.75
GUMBALL MONOCHROME COAT RACK,38.160000000000004
5 STRAND GLASS NECKLACE CRYSTAL,38.099999999999994
LUNCH BAG  BLACK SKULL.,37.95
3 PIECE SPACEBOY COOKIE CUTTER SET,37.800000000000004
3 STRIPEY MICE FELTCRAFT,37.05
RED CHARLIE+LOLA PERSONAL DOORSIGN,36.480000000000004
5 HOOK HANGER RED MAGIC TOADSTOOL,36.3
TOOL BOX SOFT TOY ,35.8
DOCTOR'S BAG SOFT TOY,35.8
PICNIC BASKET WICKER SMALL,35.7
SILVER PLATE CANDLE BOWL SMALL,35.400000000000006
CLASSIC WHITE FRAME,35.400000000000006
RECIPE BOX PANTRY YELLOW DESIGN,35.400000000000006
SMALL REGAL  SILVER CANDLEPOT ,35.400000000000006
RECIPE BOX BLUE SKETCHBOOK DESIGN,35.400000000000006
FAWN BLUE HOT WATER BOTTLE,35.400000000000006
RECIPE BOX RETROSPOT ,35.400000000000006
WOODEN ADVENT CALENDAR RED,33.9
SET/10 RED POLKADOT PARTY CANDLES,33.75
PACK 3 BOXES BIRD PANNETONE ,33.15
LADIES & GENTLEMEN METAL SIGN,33.15
PACK OF 6 BIRDY GIFT TAGS,32.5
DOORMAT TOPIARY,31.8
DOORMAT NEW ENGLAND,31.8
DOORMAT HEARTS,31.8
RECIPE BOX WITH METAL HEART,31.8
DOORMAT PEACE ON EARTH BLUE,31.8
DISCO BALL CHRISTMAS DECORATION,31.68
36 FOIL HEART CAKE CASES,31.500000000000004
HAND WARMER BABUSHKA DESIGN,31.500000000000004
HEART IVORY TRELLIS SMALL,31.25
SET/6 RED SPOTTY PAPER CUPS,31.200000000000003
COLOUR GLASS T-LIGHT HOLDER HANGING,31.200000000000003
PENS ASSORTED FUNNY FACE,30.599999999999998
LOVEBIRD HANGING DECORATION WHITE ,30.599999999999998
IF YOU CAN'T STAND THE HEAT MUG,30.0
ANTIQUE GLASS PEDESTAL BOWL,30.0
ANTIQUE TALL SWIRLGLASS TRINKET POT,30.0
VINTAGE SNAKES & LADDERS,30.0
20 DOLLY PEGS RETROSPOT,30.0
ALARM CLOCK BAKELIKE ORANGE,30.0
DOORSTOP RETROSPOT HEART,30.0
EMERGENCY FIRST AID TIN ,30.0
GINGERBREAD MAN COOKIE CUTTER,30.0
GIN AND TONIC MUG,30.0
RED DRAWER KNOB ACRYLIC EDWARDIAN,30.0
I CAN ONLY PLEASE ONE PERSON MUG,30.0
S/15 SILVER GLASS BAUBLES IN BAG,30.0
3 TIER CAKE TIN RED AND CREAM,29.9
FELTCRAFT CHRISTMAS FAIRY,29.75
BOX OF 6 ASSORTED COLOUR TEASPOONS,29.75
BLUE COAT RACK PARIS FASHION,29.700000000000003
ROSES REGENCY TEACUP AND SAUCER ,29.500000000000004
TOTE BAG I LOVE LONDON,29.400000000000002
RETRO COFFEE MUGS ASSORTED,27.94
VINTAGE UNION JACK APRON,27.8
FELTCRAFT 6 FLOWER FRIENDS,27.300000000000004
VICTORIAN  METAL POSTCARD SPRING,27.04
ROSE CARAVAN DOORSTOP,27.0
S/6 WOODEN SKITTLES IN COTTON BAG,26.550000000000004
PHOTO FRAME CORNICE,26.55
COSY SLIPPER SHOES SMALL  RED ,26.55
PACK OF 72 SKULL CAKE CASES,26.400000000000002
PACK OF 60 DINOSAUR CAKE CASES,26.400000000000002
BLUE 3 PIECE POLKADOT CUTLERY SET,26.25
FELTCRAFT CUSHION OWL,26.25
GRAND CHOCOLATECANDLE,26.099999999999998
GINGHAM HEART  DOORSTOP RED,25.5
CLASSIC METAL BIRDCAGE PLANT HOLDER,25.5
CHRISTMAS LIGHTS 10 SANTAS ,25.5
SAVE THE PLANET MUG,25.44
VINTAGE BILLBOARD LOVE/HATE MUG,25.44
SET OF 3 GOLD FLYING DUCKS,25.4
COOK WITH WINE METAL SIGN ,25.349999999999998
"FANCY FONT BIRTHDAY CARD, ",25.2
FRENCH BLUE METAL DOOR SIGN 5,25.0
GIRLY PINK TOOL SET,24.75
LUNCH BAG SPACEBOY DESIGN ,24.75
LUNCH BAG DOLLY GIRL DESIGN,24.75
PACK OF 12 RED RETROSPOT TISSUES ,24.65
VICTORIAN SEWING BOX SMALL ,23.8
SET OF 6 T-LIGHTS SANTA,23.6
HANGING MEDINA LANTERN SMALL,23.6
SILVER GLASS T-LIGHT SET,23.6
SILK PURSE BABUSHKA RED,23.450000000000003
3 HOOK HANGER MAGIC GARDEN,23.4
FELTCRAFT BUTTERFLY HEARTS,23.2
CERAMIC STRAWBERRY CAKE MONEY BANK,23.2
FAIRY CAKE FLANNEL ASSORTED COLOUR,22.95
PARTY CONES CANDY ASSORTED,22.5
4 TRADITIONAL SPINNING TOPS,22.5
JUMBO BAG DOLLY GIRL DESIGN,21.45
LUNCH BAG CARS BLUE,21.45
RIBBON REEL MAKING SNOWMEN ,21.45
RETROSPOT SMALL TUBE MATCHES,21.449999999999996
BOX OF 24 COCKTAIL PARASOLS,21.0
RED RETROSPOT WRAP ,21.0
CHILDREN'S APRON DOLLY GIRL ,21.0
PEACE WOODEN BLOCK LETTERS,20.85
"SWISS ROLL TOWEL, CHOCOLATE  SPOTS",20.650000000000002
BOYS VINTAGE TIN SEASIDE BUCKET,20.4
SMALL HEART MEASURING SPOONS,20.4
GIRLS VINTAGE TIN SEASIDE BUCKET,20.4
FAIRY SOAP SOAP HOLDER,20.28
CAMOUFLAGE LED TORCH,20.28
MINI JIGSAW SPACEBOY,20.16
HYACINTH BULB T-LIGHT CANDLES,20.16
MINI JIGSAW CIRCUS PARADE ,20.16
36 PENCILS TUBE RED RETROSPOT,20.0
36 PENCILS TUBE WOODLAND,20.0
SWEETHEART WIRE WALL TIDY,19.9
WHITE WOOD GARDEN PLANT LADDER,19.9
COOKING SET RETROSPOT,19.9
LUNCH BAG RED RETROSPOT,19.8
PINK DOUGHNUT TRINKET POT ,19.799999999999997
HANGING METAL STAR LANTERN,19.799999999999997
HANGING GLASS ETCHED TEALIGHT,19.799999999999997
CHILDREN'S CIRCUS PARADE MUG,19.799999999999997
NATURAL SLATE RECTANGLE CHALKBOARD,19.799999999999997
6 RIBBONS RUSTIC CHARM,19.799999999999997
SILVER HANGING T-LIGHT HOLDER,19.799999999999997
BAG 500g SWIRLY MARBLES,19.799999999999997
WOOD BLACK BOARD ANT WHITE FINISH,19.35
CREAM SWEETHEART WALL CABINET,18.95
PICTURE DOMINOES,18.849999999999998
WASHROOM METAL SIGN,18.849999999999998
CERAMIC CHERRY CAKE MONEY BANK,18.849999999999998
RIDGED GLASS STORAGE JAR CREAM LID,18.75
ZINC METAL HEART DECORATION,18.75
FELTCRAFT CUSHION BUTTERFLY,18.75
RIBBON REEL STRIPES DESIGN ,18.15
NOEL WOODEN BLOCK LETTERS ,17.85
ENAMEL FLOWER JUG CREAM,17.85
BATH BUILDING BLOCK WORD,17.85
BIRD HOUSE HOT WATER BOTTLE,17.849999999999998
WHITE LOVEBIRD LANTERN,17.700000000000003
RED RETROSPOT MUG,17.700000000000003
GREEN REGENCY TEACUP AND SAUCER,17.700000000000003
FIVE HEART HANGING DECORATION,17.700000000000003
TOMATO CHARLIE+LOLA COASTER SET,17.700000000000003
KINGS CHOICE TEA CADDY ,17.700000000000003
MAKE YOUR OWN MONSOON CARD KIT,17.700000000000003
METAL SIGN EMPIRE TEA,17.700000000000003
STRING OF STARS CARD HOLDER,17.700000000000003
BLUE CHARLIE+LOLA PERSONAL DOORSIGN,17.700000000000003
CREAM SLICE FLANNEL PINK SPOT ,17.700000000000003
OFFICE MUG WARMER BLACK+SILVER ,17.700000000000003
CREAM SLICE FLANNEL CHOCOLATE SPOT ,17.700000000000003
CERAMIC HEART FAIRY CAKE MONEY BANK,17.4
CERAMIC PIRATE CHEST MONEY BANK,17.4
SET OF 72 RETROSPOT PAPER  DOILIES,17.4
GREEN CHRISTMAS TREE CARD HOLDER,17.0
CHARLOTTE BAG DOLLY GIRL DESIGN,17.0
3 HOOK PHOTO SHELF ANTIQUE WHITE,17.0
MINT KITCHEN SCALES,17.0
KINGS CHOICE BISCUIT TIN,17.0
BLACK DINER WALL CLOCK,17.0
ORGANISER WOOD ANTIQUE WHITE ,17.0
ROMANTIC IMAGES NOTEBOOK SET,17.0
AIRLINE BAG VINTAGE TOKYO 78,17.0
BLACK KITCHEN SCALES,17.0
BREAD BIN DINER STYLE PINK,16.95
STAR DECORATION PAINTED ZINC ,16.900000000000002
CHRISTMAS CRAFT LITTLE FRIENDS,16.8
SKULL SHOULDER BAG,16.5
FRENCH WC SIGN BLUE METAL,16.25
SET OF 3 HEART COOKIE CUTTERS,16.25
TRADITIONAL CHRISTMAS RIBBONS,16.25
BLUE PAISLEY TISSUE BOX,16.25
DOORMAT UNION FLAG,15.9
DECORATIVE PLANT POT WITH FRIEZE,15.9
YELLOW SHARK HELICOPTER,15.9
BLUE DRAGONFLY HELICOPTER,15.9
VICTORIAN SEWING BOX MEDIUM,15.9
DOORMAT FAIRY CAKE,15.9
DOORMAT ENGLISH ROSE ,15.9
RED SHARK HELICOPTER,15.9
HANGING HEART MIRROR DECORATION ,15.600000000000001
STARS GIFT TAPE ,15.600000000000001
POLYESTER FILLER PAD 45x45cm,15.5
GUMBALL MAGAZINE RACK,15.3
"CHARLIE+LOLA""EXTREMELY BUSY"" SIGN",15.299999999999999
CERAMIC STRAWBERRY MONEY BOX,15.299999999999999
PACK OF 6 PANNETONE GIFT BOXES,15.299999999999999
4 IVORY DINNER CANDLES SILVER FLOCK,15.299999999999999
STRAWBERRY LUNCH BOX WITH CUTLERY,15.299999999999999
PACK OF 6 HANDBAG GIFT BOXES,15.299999999999999
PARTY CONE CHRISTMAS DECORATION ,15.299999999999999
LUNCH BOX WITH CUTLERY RETROSPOT ,15.299999999999999
PLACE SETTING WHITE STAR,15.120000000000001
SILVER  CANDLEPOT JARDIN ,15.0
BRIGHT BLUES RIBBONS ,15.0
VICTORIAN GLASS HANGING T-LIGHT,15.0
200 RED + WHITE BENDY STRAWS,15.0
PARTY CONES CARNIVAL ASSORTED,15.0
PINK DRAWER KNOB ACRYLIC EDWARDIAN,15.0
PACK 3 FIRE ENGINE/CAR PATCHES,15.0
BLUE HARMONICA IN BOX ,15.0
TRADITIONAL WOODEN CATCH CUP GAME ,15.0
SET 6 FOOTBALL CELEBRATION CANDLES,15.0
ROMANTIC PINKS RIBBONS ,15.0
FAIRY CAKE BIRTHDAY CANDLE SET,15.0
SET OF 6 GIRLS CELEBRATION CANDLES,15.0
FELTCRAFT CUSHION RABBIT,15.0
RED TEA TOWEL CLASSIC DESIGN,15.0
RETROSPOT BABUSHKA DOORSTOP,15.0
ROTATING LEAVES T-LIGHT HOLDER,15.0
RED RETROSPOT TISSUE BOX,15.0
STRAWBERRY CERAMIC TRINKET BOX,15.0
PIZZA PLATE IN BOX,15.0
SET OF 2 CHRISTMAS DECOUPAGE CANDLE,15.0
SET OF 3 BUTTERFLY COOKIE CUTTERS,15.0
RED METAL BEACH SPADE ,15.0
GREEN DRAWER KNOB ACRYLIC EDWARDIAN,15.0
CHOCOLATE BOX RIBBONS ,15.0
T-LIGHT HOLDER HANGING LACE,15.0
LADS ONLY TISSUE BOX,15.0
BLUE DRAWER KNOB ACRYLIC EDWARDIAN,15.0
T-LIGHT GLASS FLUTED ANTIQUE,15.0
HOME SMALL WOOD LETTERS,14.850000000000001
JOY WOODEN BLOCK LETTERS,14.850000000000001
BOX OF VINTAGE JIGSAW BLOCKS ,14.850000000000001
SILVER LOOKING MIRROR,14.850000000000001
CAKE PLATE LOVEBIRD WHITE,14.850000000000001
RED COAT RACK PARIS FASHION,14.850000000000001
YELLOW COAT RACK PARIS FASHION,14.850000000000001
LANTERN CREAM GAZEBO ,14.850000000000001
RETROSPOT PARTY BAG + STICKER SET,14.85
RED STAR CARD HOLDER,14.75
RETROSPOT RED WASHING UP GLOVES,14.700000000000001
HEART T-LIGHT HOLDER ,14.5
PACK OF 12 PINK PAISLEY TISSUES ,13.919999999999998
PACK OF 12 CIRCUS PARADE TISSUES ,13.919999999999998
PACK OF 12 BLUE PAISLEY TISSUES ,13.919999999999998
PACK OF 12 WOODLAND TISSUES ,13.919999999999998
PACK OF 12 SUKI TISSUES ,13.919999999999998
PACK OF 12 SKULL TISSUES,13.919999999999998
PACK OF 12 SPACEBOY TISSUES,13.919999999999998
SMALL STRIPES CHOCOLATE GIFT BAG ,13.6
SET 10 LIGHTS NIGHT OWL,13.5
LOLITA  DESIGN  COTTON TOTE BAG,13.5
LETS GO SHOPPING COTTON TOTE BAG,13.5
PACK OF 60 SPACEBOY CAKE CASES,13.200000000000001
RED GINGHAM ROSE JEWELLERY BOX,13.2
12 DAISY PEGS IN WOOD BOX,13.2
RIBBON REEL SNOWY VILLAGE,13.2
RIBBON REEL CHRISTMAS SOCK BAUBLE,13.2
PINK SWEETHEART BRACELET,12.75
"TRAY, BREAKFAST IN BED",12.75
SET OF 16 VINTAGE PISTACHIO CUTLERY,12.75
CURIOUS  IMAGES NOTEBOOK SET,12.75
GUMBALL COAT RACK,12.75
VINTAGE KEEPSAKE BOX PARIS DAYS,12.7
MIRRORED WALL ART FOXY,12.7
POPPY'S PLAYHOUSE KITCHEN,12.600000000000001
POPPY'S PLAYHOUSE BEDROOM ,12.600000000000001
BLACK CANDELABRA T-LIGHT HOLDER,12.6
SINGLE HEART ZINC T-LIGHT HOLDER,12.349999999999998
BLUE GIANT GARDEN THERMOMETER,11.9
GREEN GIANT GARDEN THERMOMETER,11.9
GLASS CLOCHE SMALL,11.850000000000001
PINK NEW BAROQUECANDLESTICK CANDLE,11.8
METAL SIGN TAKE IT OR LEAVE IT ,11.8
PENCIL CASE LIFE IS BEAUTIFUL,11.8
SET OF 2 TEA TOWELS APPLE AND PEARS,11.8
FELTCRAFT DOLL MOLLY,11.8
MAGIC DRAWING SLATE CIRCUS PARADE  ,11.76
SET OF 3 NOTEBOOKS IN PARCEL,11.55
MAGIC DRAWING SLATE DOLLY GIRL ,11.34
MAGIC DRAWING SLATE SPACEBOY ,11.34
WHITE CHRISTMAS GARLAND STARS TREES,11.25
RED RETROSPOT CAKE STAND,10.95
TEA TIME TABLE CLOTH,10.65
WRAP COWBOYS  ,10.5
FANCY FONTS BIRTHDAY WRAP,10.5
WRAP CHRISTMAS SCREEN PRINT,10.5
WICKER STAR ,10.5
WRAP RED APPLES ,10.5
FRIDGE MAGNETS LES ENFANTS ASSORTED,10.2
FRIDGE MAGNETS US DINER ASSORTED,10.2
BLUE BIRDHOUSE DECORATION,10.2
PARTY INVITES JAZZ HEARTS,10.2
PARTY INVITES FOOTBALL,10.2
PANDA AND BUNNIES STICKER SHEET,10.2
PARTY INVITES SPACEMAN,10.2
MULTI COLOUR SILVER T-LIGHT HOLDER,10.2
BIRD DECORATION RED RETROSPOT,10.2
SKULLS  WATER TRANSFER TATTOOS ,10.2
CHRISTMAS METAL TAGS ASSORTED ,10.2
SET/12 TAPER CANDLES,10.2
SET OF 4 NAPKIN CHARMS STARS   ,10.2
CHRISTMAS RETROSPOT TREE WOOD,10.2
SET OF 4 NAPKIN CHARMS LEAVES   ,10.2
12 PENCILS TALL TUBE SKULLS,10.2
MAGIC DRAWING SLATE DINOSAUR,10.08
ASSORTED COLOUR LIZARD SUCTION HOOK,10.08
MINI JIGSAW BAKE A CAKE ,10.08
MINI JIGSAW DOLLY GIRL,10.08
MINI JIGSAW DINOSAUR ,10.08
"BIRTHDAY CARD, RETRO SPOT",10.08
PACK OF 12 TRADITIONAL CRAYONS,10.08
CARD CIRCUS PARADE,10.08
GIN & TONIC DIET GREETING CARD ,10.08
MAGIC DRAWING SLATE BAKE A CAKE ,10.08
WOODEN ROUNDERS GARDEN SET ,9.95
WELCOME  WOODEN BLOCK LETTERS,9.95
CHILDS BREAKFAST SET SPACEBOY ,9.95
CHILDS BREAKFAST SET DOLLY GIRL ,9.95
SWEETHEART CAKESTAND 3 TIER,9.95
PICNIC BASKET WICKER LARGE,9.95
TV DINNER TRAY DOLLY GIRL,9.9
SET OF 2 TINS JARDIN DE PROVENCE,9.9
FOLDING UMBRELLA CREAM POLKADOT,9.9
FOLDING UMBRELLA RED/WHITE POLKADOT,9.9
IVORY KNITTED MUG COSY ,9.899999999999999
POLKADOT MUG PINK ,9.899999999999999
12 MESSAGE CARDS WITH ENVELOPES,9.899999999999999
STAR WOODEN CHRISTMAS DECORATION,9.35
STRAWBERRY CHARLOTTE BAG,9.35
MEASURING TAPE BABUSHKA RED,8.850000000000001
CALENDAR PAPER CUT DESIGN,8.850000000000001
CANDLEHOLDER PINK HANGING HEART,8.850000000000001
VINTAGE PAISLEY STATIONERY SET,8.850000000000001
CHARLIE + LOLA RED HOT WATER BOTTLE,8.850000000000001
SOLDIERS EGG CUP ,8.75
RIDGED GLASS FINGER BOWL,8.7
LARGE CHINESE STYLE SCISSOR,8.5
BLACK DIAMANTE EXPANDABLE RING,8.5
CHRISTMAS RETROSPOT STAR WOOD,8.5
BLACK SWEETHEART BRACELET,8.5
HEART WOODEN CHRISTMAS DECORATION,8.5
VINTAGE UNION JACK BUNTING,8.5
SET OF 6 KASHMIR FOLKART BAUBLES,8.5
CHRISTMAS RETROSPOT ANGEL WOOD,8.5
YOU'RE CONFUSING ME METAL SIGN ,8.45
ASSORTED COLOUR MINI CASES,7.95
DOORMAT BLACK FLOCK ,7.95
DOORMAT UNION JACK GUNS AND ROSES,7.95
DOORMAT SPOTTY HOME SWEET HOME,7.95
RED WHITE SCARF  HOT WATER BOTTLE,7.9
PACK OF 6 SWEETIE GIFT BOXES,7.6499999999999995
SET OF 4 NAPKIN CHARMS CUTLERY,7.6499999999999995
JAZZ HEARTS PURSE NOTEBOOK,7.6499999999999995
RETROSPOT GIANT TUBE MATCHES,7.6499999999999995
FELTCRAFT PRINCESS LOLA DOLL,7.5
FELTCRAFT PRINCESS OLIVIA DOLL,7.5
COSY HOUR CIGAR BOX MATCHES ,7.5
SET OF 4 ENGLISH ROSE PLACEMATS,7.5
WHITE SPOT RED CERAMIC DRAWER KNOB,7.5
STAR  T-LIGHT HOLDER ,7.25
PACK OF 12 LONDON TISSUES ,7.249999999999999
PLACE SETTING WHITE HEART,7.14
MILK BOTTLE WITH GLASS STOPPER ,6.95
CLASSIC FRENCH STYLE BASKET NATURAL,6.75
SQUARECUSHION COVER PINK UNION FLAG,6.75
HI TEC ALPINE HAND WARMER,6.6
60 CAKE CASES VINTAGE CHRISTMAS,6.6
SLATE TILE NATURAL HANGING,6.6
LARGE HANGING IVORY & RED WOOD BIRD,6.5
RED RETROSPOT TAPE,6.5
GROW YOUR OWN BASIL IN ENAMEL MUG,6.300000000000001
GIN + TONIC DIET METAL SIGN,6.300000000000001
SLEEPING CAT ERASERS,6.3
SET/10 PINK POLKADOT PARTY CANDLES,6.25
SANDWICH BATH SPONGE,6.25
VINTAGE GLASS COFFEE CADDY,5.95
LARGE ROUND WICKER PLATTER ,5.95
ADVENT CALENDAR GINGHAM SACK,5.95
ORANGE SCENTED SET/9 T-LIGHTS,5.95
PINK B'FLY C/COVER W BOBBLES,5.95
PINK & WHITE BREAKFAST TRAY,5.95
BOOM BOX SPEAKER GIRLS,5.95
PINK OVAL JEWELLED MIRROR,5.95
MIRRORED DISCO BALL ,5.95
FELTCRAFT DOLL ROSIE,5.9
SET OF 6 T-LIGHTS SNOWMEN,5.9
GLASS JAR ENGLISH CONFECTIONERY,5.9
SNOWFLAKE PORTABLE TABLE LIGHT ,5.9
FELTCRAFT DOLL EMILY,5.9
CALENDAR IN SEASON DESIGN,5.9
ROUND SNACK BOXES SET OF 4 SKULLS,5.9
SET OF 6 FUNKY BEAKERS,5.9
COSY SLIPPER SHOES SMALL GREEN,5.9
S/4 VALENTINE DECOUPAGE HEART BOX,5.9
TOADSTOOL MONEY BOX,5.9
MAKE YOUR OWN FLOWERPOWER CARD KIT,5.9
PAPER CHAIN KIT LONDON,5.9
PARTY TIME PENCIL ERASERS,5.88
DOLLY GIRL LUNCH BOX,5.85
ANTIQUE GLASS HEART DECORATION ,5.85
CHILDRENS APRON SPACEBOY DESIGN,5.85
 4 PURPLE FLOCK DINNER CANDLES,5.1
CINAMMON SET OF 9 T-LIGHTS,5.1
CARD HOLDER GINGHAM HEART,5.1
SET OF 20 VINTAGE CHRISTMAS NAPKINS,5.1
SMALL HEART FLOWERS HOOK ,5.1
PAISLEY PATTERN  STICKERS,5.1
TEA TIME DES TEA COSY,5.1
FLOWERS  STICKERS,5.1
BOOZE & WOMEN GREETING CARD ,5.04
CARD PARTY GAMES ,5.04
BLACK ORANGE SQUEEZER,5.04
RAINY LADIES BIRTHDAY CARD,5.04
CARD BILLBOARD FONT,5.04
CARD DOLLY GIRL ,5.04
CARD I LOVE LONDON ,5.04
CARD BIRTHDAY COWBOY,5.04
CARD PSYCHEDELIC APPLES,5.04
ASSORTED BOTTLE TOP  MAGNETS ,5.04
SET/10 BLUE POLKADOT PARTY CANDLES,5.0
PHOTO CLIP LINE,5.0
FOLDING UMBRELLA PINKWHITE POLKADOT,4.95
OWL DOORSTOP,4.95
CREAM SWEETHEART EGG HOLDER,4.95
TV DINNER TRAY VINTAGE PAISLEY,4.95
FOLDING UMBRELLA WHITE/RED POLKADOT,4.95
WHITE BELL HONEYCOMB PAPER ,4.949999999999999
DIAMANTE HAIR GRIP PACK/2 RUBY,4.949999999999999
SET OF 72 GREEN PAPER DOILIES,4.35
PAINTED METAL HEART WITH HOLLY BELL,4.35
PAINTED METAL STAR WITH HOLLY BELLS,4.35
WICKER WREATH SMALL,4.35
POTTING SHED SOW 'N' GROW SET,4.25
VANILLA SCENT CANDLE JEWELLED BOX,4.25
AIRLINE BAG VINTAGE WORLD CHAMPION ,4.25
AIRLINE BAG VINTAGE JET SET WHITE,4.25
COLOURING PENCILS BROWN TUBE,4.25
CHOCOLATE 3 WICK MORRIS BOX CANDLE,4.25
DISCO BALL ROTATOR BATTERY OPERATED,4.25
ENAMEL MEASURING JUG CREAM,4.25
BLUE SWEETHEART BRACELET,4.25
PURPLE SWEETHEART BRACELET,4.25
CHRISTMAS GINGHAM TREE,4.25
SMALL HANGING IVORY/RED WOOD BIRD,4.2
CHRISTMAS CRAFT TREE TOP ANGEL,4.2
SMALL CHINESE STYLE SCISSOR,4.2
"AIRLINE LOUNGE,METAL SIGN",4.2
36 FOIL STAR CAKE CASES ,4.2
I'M ON HOLIDAY METAL SIGN,4.2
SKULLS STORAGE BOX SMALL,4.2
GLASS  BEURRE DISH,3.95
REX CASH+CARRY JUMBO SHOPPER,3.8
PACK OF 12 HEARTS DESIGN TISSUES ,3.7699999999999996
PINK 3 PIECE POLKADOT CUTLERY SET,3.75
BLACK TEA TOWEL CLASSIC DESIGN,3.75
POLKA DOT RAFFIA FOOD COVER,3.75
PINK HEART DOTS HOT WATER BOTTLE,3.75
RED FLOWER CROCHET FOOD COVER,3.75
SET/9 CHRISTMAS T-LIGHTS SCENTED ,3.75
SKULLS SQUARE TISSUE BOX,3.75
RETRO LONGBOARD IRONING BOARD COVER,3.75
FULL ENGLISH BREAKFAST PLATE,3.75
POTTING SHED SEED ENVELOPES,3.75
STRAWBERRY RAFFIA FOOD COVER,3.75
CHERRY CROCHET FOOD COVER,3.75
CHRISTMAS HANGING STAR WITH BELL,3.75
PACK OF 12 PINK POLKADOT TISSUES,3.4799999999999995
FELTCRAFT HAIRBAND RED AND BLUE,3.4
FELTCRAFT HAIRBAND PINK AND PURPLE,3.4
DIAMANTE HAIR GRIP PACK/2 BLACK DIA,3.3
CHILDRENS DOLLY GIRL MUG,3.3
CHRYSANTHEMUM NOTEBOOK,3.3
RIBBON REEL SOCKS AND MITTENS,3.3
BLACK PIRATE TREASURE CHEST,3.3
BLUE PAISLEY NOTEBOOK,3.3
IVORY ENCHANTED FOREST PLACEMAT,3.3
GREEN FERN NOTEBOOK,3.3
BALLOONS  WRITING SET ,3.3
PINK HEARTS PAPER GARLAND,3.3
SET/4 MODERN VINTAGE COTTON NAPKINS,2.95
RED RETROSPOT OVEN GLOVE DOUBLE,2.95
ROUND SNACK BOXES SET OF 4 FRUITS ,2.95
METAL SIGN HER DINNER IS SERVED ,2.95
PAPER BUNTING WHITE LACE,2.95
PINK BREAKFAST CUP AND SAUCER ,2.95
RED GLASS TASSLE BAG CHARM,2.95
BLUE OWL SOFT TOY,2.95
GLASS JAR DIGESTIVE BISCUITS,2.95
YELLOW BREAKFAST CUP AND SAUCER,2.95
3D DOG PICTURE PLAYING CARDS,2.95
SET 12 LAVENDER  BOTANICAL T-LIGHTS,2.95
CLEAR ACRYLIC FACETED BANGLE,2.95
OFFICE MUG WARMER POLKADOT,2.95
PAPER BUNTING COLOURED LACE,2.95
PAPER CHAIN KIT RETROSPOT,2.95
BLUE PAPER PARASOL ,2.95
MAKE YOUR OWN PLAYTIME CARD KIT,2.95
MEASURING TAPE BABUSHKA BLUE,2.95
CHRISTMAS CRAFT WHITE FAIRY ,2.9
CHRISTMAS TREE T-LIGHT HOLDER,2.9
GARDEN PATH JOURNAL,2.55
FELTCRAFT HAIRBANDS PINK AND WHITE ,2.55
MIRRORED WALL ART GENTS,2.55
VINTAGE SNAP CARDS,2.55
ANGEL DECORATION STARS ON DRESS,2.52
TURQUOISE CHRISTMAS TREE ,2.5
URBAN BLACK RIBBONS ,2.5
UNION JACK FLAG LUGGAGE TAG,2.5
PINK UNION JACK  LUGGAGE TAG,2.5
CARAVAN SQUARE TISSUE BOX,2.5
SWALLOW SQUARE TISSUE BOX,2.5
SET OF 4 ENGLISH ROSE COASTERS,2.5
SET OF 9 HEART SHAPED BALLOONS,2.5
GARLAND WOODEN HAPPY EASTER,2.5
EIGHT PIECE DINOSAUR SET,2.5
3D CHRISTMAS STAMPS STICKERS ,2.5
TOAST ITS - HAPPY BIRTHDAY,2.5
CHRISTMAS TOILET ROLL,2.5
RETROSPOT CIGAR BOX MATCHES ,2.5
SAVE THE PLANET COTTON TOTE BAG,2.25
BLUE PARTY BAGS ,2.1
PINK PARTY BAGS,2.1
TOY TIDY DOLLY GIRL DESIGN,2.1
12 PENCILS SMALL TUBE SKULL,1.9500000000000002
HERB MARKER BASIL,1.9500000000000002
METAL MERRY CHRISTMAS WREATH,1.95
BALLOON ART MAKE YOUR OWN FLOWERS,1.95
BUTTON BOX ,1.95
THREE CANVAS LUGGAGE TAGS,1.95
ENGLISH ROSE SPIRIT LEVEL ,1.95
GENTLEMAN SHIRT REPAIR KIT ,1.7
MINI FUNKY DESIGN TAPES,1.7
BLUE POLKADOT PLATE ,1.69
PINK  POLKADOT PLATE ,1.69
GREEN POLKADOT PLATE ,1.69
RED RETROSPOT PLATE ,1.69
DIAMANTE HAIR GRIP PACK/2 MONTANA,1.65
HEART FILIGREE DOVE LARGE,1.65
LUNCH BAG PINK POLKADOT,1.65
RED ENCHANTED FOREST PLACEMAT,1.65
LUNCH BAG WOODLAND,1.65
SKULLS WRITING SET ,1.65
RIBBON REEL CHRISTMAS PRESENT ,1.65
DINOSAURS  WRITING SET ,1.65
CHILDREN'S SPACEBOY MUG,1.65
MULTICOLOUR  CONFETTI IN TUBE,1.65
6 RIBBONS ELEGANT CHRISTMAS ,1.65
6 RIBBONS SHIMMERING PINKS ,1.65
HERB MARKER PARSLEY,1.3
HERB MARKER MINT,1.3
HERB MARKER CHIVES ,1.3
12 PENCIL SMALL TUBE WOODLAND,1.3
MAGIC DRAWING SLATE GO TO THE FAIR ,1.26
APPLE BATH SPONGE,1.25
NO JUNK MAIL METAL SIGN,1.25
SET/10 IVORY POLKADOT PARTY CANDLES,1.25
SMALL LICORICE DES PINK BOWL,1.25
STRAWBERRY BATH SPONGE ,1.25
STRAWBERRY SHOPPER BAG,1.25
PINK CREAM FELT CRAFT TRINKET BOX ,1.25
LAVENDER INCENSE IN TIN,1.25
BLUE ROSE FABRIC MIRROR,1.25
PINK PAISLEY SQUARE TISSUE BOX ,1.25
PURPLE DRAWERKNOB ACRYLIC EDWARDIAN,1.25
HEADS AND TAILS SPORTING FUN,1.25
BOUDOIR SQUARE TISSUE BOX,1.25
CRAZY DAISY HEART DECORATION,1.25
RED HEART LUGGAGE TAG,1.25
CHRISTMAS HANGING HEART WITH BELL,1.25
S/6 SEW ON CROCHET FLOWERS,1.25
SPACEBOY CHILDRENS EGG CUP,1.25
60 CAKE CASES DOLLY GIRL DESIGN,1.1
PACK OF 60 MUSHROOM CAKE CASES,1.1
TOILET METAL SIGN,1.1
PACK OF 20 NAPKINS PANTRY DESIGN,0.85
CHRISTMAS DECOUPAGE CANDLE,0.85
WOODEN HEART CHRISTMAS SCANDINAVIAN,0.85
SET 20 NAPKINS FAIRY CAKES DESIGN ,0.85
FELT EGG COSY WHITE RABBIT ,0.85
FELT EGG COSY CHICKEN,0.85
SMALL RED BABUSHKA NOTEBOOK ,0.85
ZINC WILLIE WINKIE  CANDLE STICK,0.85
ASS COL SMALL SAND GECKO P'WEIGHT,0.84
SET 12 RETRO WHITE CHALK STICKS,0.84
HERB MARKER ROSEMARY,0.65
HERB MARKER THYME,0.65
KITCHEN METAL SIGN,0.55
BATHROOM METAL SIGN,0.55
SWIRLY CIRCULAR RUBBERS IN BAG,0.42
